<armors>
	<armor type="NONE" name="Skin" defense="96" />
	<armor type="CLOTH" name="Cloth" defense="128" />
	<armor type="LEATHER" name="Leather" defense="144">
		<constraint canuse="false" class="mage" />
	</armor>
	<armor type="CHAIN" name="Chain Mail" defense="160">
		<constraint canuse="false" class="all" />
		<constraint canuse="true" class="fighter" />
		<constraint canuse="true" class="tinker" />
		<constraint canuse="true" class="paladin" />
	</armor>
	<armor type="PLATE" name="Plate Mail" defense="176">
		<constraint canuse="false" class="all" />
		<constraint canuse="true" class="fighter" />
		<constraint canuse="true" class="tinker" />
		<constraint canuse="true" class="paladin" />
	</armor>
	<armor type="MAGICCHAIN" name="Magic Chain" defense="192">
		<constraint canuse="false" class="all" />
		<constraint canuse="true" class="fighter" />
		<constraint canuse="true" class="paladin" />
	</armor>
	<armor type="MAGICPLATE" name="Magic Plate" defense="208">
		<constraint canuse="false" class="all" />
		<constraint canuse="true" class="paladin" />
	</armor>
	<armor type="MYSTICROBE" name="Mystic Robe" defense="248" />
</armors>
