<?xml version="1.0"?>
<!-- $Id$ -->
<sound>
	<track file="title_fade.ogg" />      <!-- C64 TITLE_FADE -->
	<track file="walk_normal.ogg" />     <!-- C64 WALK -->
	<track file="walk_slowed.ogg" />     <!-- C64 WALK_SLOW -->
	<track file="walk_combat.ogg" />     <!-- C64 WALK_COMBAT -->
	<track file="blocked.ogg" />         <!-- C64 BLOCKED -->
	<track file="error.ogg" />           <!-- C64 ERROR -->
	<track file="pc_attack.ogg" />       <!-- C64 PC_ATTACK -->
	<track file="pc_struck.ogg" />       <!-- C64 PC_STRUCK -->
	<track file="npc_attack.ogg" />      <!-- C64 NPC_ATTACK -->
	<track file="npc_struck.ogg" />      <!-- C64 NPC_STRUCK -->
	<track file="enemy_magic_proj_hit.ogg" />                    <!-- ACID -->
	<track file="enemy_magic_proj_hit.ogg" />                    <!-- SLEEP -->
	<track file="poison_effect.ogg" />   <!-- C64 POISON_EFFECT -->  <!-- same as PC_STRUCK -->
	<track file="poison_damage.ogg" />   <!-- C64 POISON_DAMAGE -->  <!-- same as NPC_STRUCK -->
	<track file="evade.ogg" />           <!-- C64 EVADE -->
	<track file="flee.ogg" />            <!-- C64 FLEE -->  <!-- same as EVADE -->
	<track file="flee.ogg" />            <!-- ITEM_STOLEN -->
	<track file="magic.ogg" />           <!-- LBHEAL -->
	<track file="reaper_sleeper.ogg" />  <!-- LEVELUP -->
	<track file="moongate_flash.ogg" />  <!-- MOONGATE -->
	<track file="enemy_magic_proj.ogg" /><!-- CANNON -->
	<track file="fx_tremor.ogg" />       <!-- RUMBLE -->
	<track file="spell_precast_R_with_mp45.ogg" />  <!--PREMAGIC_MANA_JUMBLE -->
	<track file="spell_flash_25.ogg" />           <!-- C64 MAGIC -->
	<track file="fire_field_walking.ogg" />      <!-- WHIRLPOOL -->
	<track file="fire_field_walking.ogg" />      <!-- STORM -->
	<track file="badcommand.ogg" />      <!-- MISSED THERE IS NO MISSED SOUND!!! -->
	<track file="attack2.ogg" />         <!-- CREATUREATTACK -->
	<track file="hit2.ogg" />            <!-- PLAYERHIT -->
</sound>

