<vendorSet>

	<vendorClass type="WEAPON" music="SHOPPING">

		<item choice="b" type="WEAPON" name="Staff" weaponType="STAFF" price="20" description="We are the only staff makers in Britannia, yet sell them for only %dgp." />
		<item choice="c" type="WEAPON" name="Dagger" weaponType="DAGGER" price="2" description="We sell the most deadly of daggers, a bargain at only %dgp each." />
		<item choice="d" type="WEAPON" name="Sling" weaponType="SLING" price="25" description="Our slings are made from only the finest guy and leather. 'Tis yours for %dgp." />
		<item choice="e" type="WEAPON" name="Mace" weaponType="MACE" price="100" description="These maces have a hardened shaft and a 5lb head fairly priced at %dgp." />
		<item choice="f" type="WEAPON" name="Axe" weaponType="AXE" price="225" description="Notice the fine workmanship on this axe, you'll agree %dgp is a good price." />
		<item choice="g" type="WEAPON" name="Sword" weaponType="SWORD" price="300" description="The fine work on these swords will be the dread of thy foes, for %dgp." />
		<item choice="h" type="WEAPON" name="Bow" weaponType="BOW" price="250" description="Our bows are made of finest yew, and the arrows willow, a steal at %dgp." />
		<item choice="i" type="WEAPON" name="Crossbow" weaponType="CROSSBOW" price="600" description="Crossbows made by Iolo the Bard are the finest in the world, your for %dgp." />
		<item choice="j" type="WEAPON" name="Flaming Oil" weaponType="OIL" price="5" description="Flasks of oil make great weapons and creates a wall of flame too. %dgp each." />
		<item choice="k" type="WEAPON" name="Halberd" weaponType="HALBERD" price="350" description="A Halberd is a mighty weapon to attack over obstacles; a must and only %dgp." />
		<item choice="l" type="WEAPON" name="Magic Axe" weaponType="MAGICAXE" price="1500" description="This magical axe can be thrown at thy enemy and will then return all for %dgp." />
		<item choice="m" type="WEAPON" name="Magic Sword" weaponType="MAGICSWORD" price="2500" description="Magical swords such as these are rare indeed. I will part with one for %dgp." />
		<item choice="n" type="WEAPON" name="Magic Bow" weaponType="MAGICBOW" price="2000" description="A magical bow will keep thy enemies far away or dead! A must for %dgp!" />
		<item choice="o" type="WEAPON" name="Magic Wand" weaponType="MAGICWAND" price="5000" description="This magic wand casts mighty blue bolts to strike down thy foes, %dgp." />
		<item choice="p" type="WEAPON" name="Mystic Sword" weaponType="MYSTICSWORD" price="7000" description="" />

		<vendor id="BRITAIN" name="Windsor Weaponry" owner="Winston" type="WEAPON" personId="28">
			<item choice="b" type="WEAPON" name="Staff" weaponType="STAFF" price="20" description="We are the only staff makers in Britannia, yet sell them for only %dgp." />
			<item choice="c" type="WEAPON" name="Dagger" weaponType="DAGGER" price="2" description="We sell the most deadly of daggers, a bargain at only %dgp each." />
			<item choice="d" type="WEAPON" name="Sling" weaponType="SLING" price="25" description="Our slings are made from only the finest guy and leather,'Tis yours for %dgp." />
			<item choice="g" type="WEAPON" name="Sword" weaponType="SWORD" price="300" description="The fine work on these swords will be the dread of thy foes, for %dgp." />
		</vendor>

		<vendor id="JHELOM" name="Willard's Weaponry" owner="Willard" type="WEAPON" personId="28">
			<item choice="f" type="WEAPON" name="Axe" weaponType="AXE" price="225" description="Notice the fine workmanship on this axe, you'll agree %dgp is a good price." />
			<item choice="g" type="WEAPON" name="Sword" weaponType="SWORD" price="300" description="The fine work on these swords will be the dread of thy foes, for %dgp." />
			<item choice="i" type="WEAPON" name="Crossbow" weaponType="CROSSBOW" price="600" description="Crossbows made by Iolo the Bard are the finest in the world, your for %dgp." />
			<item choice="k" type="WEAPON" name="Halberd" weaponType="HALBERD" price="350" description="A Halberd is a mighty weapon to attack over obstacles; a must and only %dgp." />
		</vendor>

		<vendor id="MINOC" name="The Iron Works" owner="Peter" type="WEAPON" personId="29">
			<item choice="e" type="WEAPON" name="Mace" weaponType="MACE" price="100" description="These maces have a hardened shaft and a 5lb head fairly priced at %dgp." />
			<item choice="k" type="WEAPON" name="Halberd" weaponType="HALBERD" price="350" description="A Halberd is a mighty weapon to attack over obstacles; a must and only %dgp." />
			<item choice="l" type="WEAPON" name="Magic Axe" weaponType="MAGICAXE" price="1500" description="This magical axe can be thrown at thy enemy and will then return all for %dgp." />
			<item choice="m" type="WEAPON" name="Magic Sword" weaponType="MAGICSWORD" price="2500" description="Magical swords such as these are rare indeed. I will part with one for %dgp." />
		</vendor>

		<vendor id="TRINSIC" name="Dueling Weapons" owner="Jumar" type="WEAPON" personId="28">
			<item choice="e" type="WEAPON" name="Mace" weaponType="MACE" price="100" description="These maces have a hardened shaft and a 5lb head fairly priced at %dgp." />
			<item choice="f" type="WEAPON" name="Axe" weaponType="AXE" price="225" description="Notice the fine workmanship on this axe, you'll agree %dgp is a good price." />
			<item choice="g" type="WEAPON" name="Sword" weaponType="SWORD" price="300" description="The fine work on these swords will be the dread of thy foes, for %dgp." />
			<item choice="h" type="WEAPON" name="Bow" weaponType="BOW" price="250" description="Our bows are made of finest yew, and the arrows willow, a steal at %dgp." />
		</vendor>

		<vendor id="BUCCANEERS_DEN" name="Hook's Arms" owner="Hook" type="WEAPON" personId="27">
			<item choice="i" type="WEAPON" name="Crossbow" weaponType="CROSSBOW" price="600" description="Crossbows made by Iolo the Bard are the finest in the world, your for %dgp." />
			<item choice="j" type="WEAPON" name="Flaming Oil" weaponType="OIL" price="5" description="Flasks of oil make great weapons and creates a wall of flame too. %dgp each." />
			<item choice="n" type="WEAPON" name="Magic Bow" weaponType="MAGICBOW" price="2000" description="A magical bow will keep thy enemies far away or dead! A must for %dgp!" />
			<item choice="o" type="WEAPON" name="Magic Wand" weaponType="MAGICWAND" price="5000" description="This magic wand casts mighty blue bolts to strike down thy foes, %dgp." />
		</vendor>

		<vendor id="VESPER" name="Village Arms" owner="Wendy" type="WEAPON" personId="24">
			<item choice="c" type="WEAPON" name="Dagger" weaponType="DAGGER" price="2" description="We sell the most deadly of daggers, a bargain at only %dgp each." />
			<item choice="d" type="WEAPON" name="Sling" weaponType="SLING" price="25" description="Our slings are made from only the finest guy and leather. 'Tis yours for %dgp." />
			<item choice="h" type="WEAPON" name="Bow" weaponType="BOW" price="250" description="Our bows are made of finest yew, and the arrows willow, a steal at %dgp." />
			<item choice="j" type="WEAPON" name="Flaming Oil" weaponType="OIL" price="5" description="Flasks of oil make great weapons and creates a wall of flame too. %dgp each." />
		</vendor>

	</vendorClass>

	<vendorClass type="ARMOR" music="SHOPPING">

		<item choice="b" type="ARMOR" name="Cloth" armorType="CLOTH" price="50" description="Cloth Armour is good for a tight budget, Fairly priced at %dgp." />
		<item choice="c" type="ARMOR" name="Leather" armorType="LEATHER" price="200" description="Leather Armour is both supple and strong, and costs a mere %dgp. A Bargain!" />
		<item choice="d" type="ARMOR" name="Chain Mail" armorType="CHAIN" price="600" description="Chail Mail is the armour used by more warriors than all others. Ours costs %dgp." />
		<item choice="e" type="ARMOR" name="Plate Mail" armorType="PLATE" price="2000" description="Full Plate armour is the ultimate in non-magical armour. Get yours for %dgp." />
		<item choice="f" type="ARMOR" name="Magic Chain" armorType="MAGICCHAIN" price="4000" description="Magic Armour is rare and expensive. This chain sells for %dgp." />
		<item choice="g" type="ARMOR" name="Magic Plate" armorType="MAGICPLATE" price="7000" description="Magic Plate Armour is the best known protection. Only we have it. Cost: %dgp." />
		<item choice="h" type="ARMOR" name="Mystic Robe" armorType="MYSTICROBE" price="9000" description="" />

		<vendor id="BRITAIN" name="Winsdor Armour" owner="Winston" type="ARMOR" personId="27">
			<item choice="b" type="ARMOR" name="Cloth" armorType="CLOTH" price="50" description="Cloth Armour is good for a tight budget, Fairly priced at %dgp." />
			<item choice="c" type="ARMOR" name="Leather" armorType="CLOTH" price="200" description="Leather Armour is both supple and strong, and costs a mere %dgp. A Bargain!" />
			<item choice="d" type="ARMOR" name="Chain Mail" armorType="CLOTH" price="600" description="Chail Mail is the armour used by more warriors than all others. Ours costs %dgp." />
		</vendor>

		<vendor id="JHELOM" name="Valiant's Armour" owner="Valiant" type="ARMOR" personId="27">
			<item choice="d" type="ARMOR" name="Chain Mail" armorType="CHAIN" price="600" description="Chail Mail is the armour used by more warriors than all others. Ours costs %dgp." />
			<item choice="e" type="ARMOR" name="Plate Mail" armorType="PLATE" price="2000" description="Full Plate armour is the ultimate in non-magical armour. Get yours for %dgp." />
			<item choice="f" type="ARMOR" name="Magic Chain" armorType="MAGICCHAIN" price="4000" description="Magic Armour is rare and expensive. This chain sells for %dgp." />
			<item choice="g" type="ARMOR" name="Magic Plate" armorType="MAGICPLATE" price="7000" description="Magic Plate Armour is the best known protection. Only we have it. Cost: %dgp." />
		</vendor>

		<vendor id="TRINSIC" name="Duelling Armour" owner="Jean" type="ARMOR" personId="27">
			<item choice="b" type="ARMOR" name="Cloth" armorType="CLOTH" price="50" description="Cloth Armour is good for a tight budget, Fairly priced at %dgp." />
			<item choice="d" type="ARMOR" name="Chain Mail" armorType="CHAIN" price="600" description="Chail Mail is the armour used by more warriors than all others. Ours costs %dgp." />
			<item choice="f" type="ARMOR" name="Magic Chain" armorType="MAGICCHAIN" price="4000" description="Magic Armour is rare and expensive. This chain sells for %dgp." />
		</vendor>

		<vendor id="PAWS" name="Light Armour" owner="Pierre" type="ARMOR" personId="26">
			<item choice="b" type="ARMOR" name="Cloth" armorType="CLOTH" price="50" description="Cloth Armour is good for a tight budget, Fairly priced at %dgp." />
			<item choice="c" type="ARMOR" name="Leather" armorType="LEATHER" price="200" description="Leather Armour is both supple and strong, and costs a mere %dgp. A Bargain!" />
		</vendor>

		<vendor id="BUCCANEERS_DEN" name="Basic Armour" owner="Limpy" type="ARMOR" personId="26">
			<item choice="b" type="ARMOR" name="Cloth" armorType="CLOTH" price="50" description="Cloth Armour is good for a tight budget, Fairly priced at %dgp." />
			<item choice="c" type="ARMOR" name="Leather" armorType="LEATHER" price="200" description="Leather Armour is both supple and strong, and costs a mere %dgp. A Bargain!" />
			<item choice="d" type="ARMOR" name="Chain Mail" armorType="CHAIN" price="600" description="Chail Mail is the armour used by more warriors than all others. Ours costs %dgp." />
		</vendor>

	</vendorClass>

	<vendorClass type="FOOD" music="SHOPPING">

		<vendor id="MOONGLOW" name="The Sage Deli" owner="Shaman" type="FOOD" personId="25">
			<item type="FOOD" price="25" quant="25" />
		</vendor>
		<vendor id="BRITAIN" name="Adventure Food" owner="Windrick" type="FOOD" personId="26">
			<item type="FOOD" price="40" quant="25" />
		</vendor>
		<vendor id="YEW" name="The Dry Goods" owner="Donnar" type="FOOD" personId="26">
			<item type="FOOD" price="35" quant="25" />
		</vendor>
		<vendor id="SKARABRAE" name="Food For Thought" owner="Mintol" type="FOOD" personId="27">
			<item type="FOOD" price="20" quant="25" />
		</vendor>
		<vendor id="PAWS" name="The Market" owner="Max" type="FOOD" personId="30">
			<item type="FOOD" price="30" quant="25" />
		</vendor>

	</vendorClass>

	<vendorClass type="TAVERN" music="SHOPPING">
		<vendor id="BRITAIN" name="Jolly Spirits" owner="Sam" genericField1="Lamb Chops" type="TAVERN" personId="25">
			<item type="FOOD" name="ale" price="2" />
			<item type="FOOD" name="Lamb Chops" price="4" />
			<item type="TAVERNINFO" choice="black stone" price="20" description="%s says: Ah, the Black Stone. Yes I've heard of it. But, the only one who knows where it lies is the wizard Merlin." />
			<item type="TAVERNINFO" choice="sextant" price="30" descripton="%s says: For navigation a Sextant is vital... Ask for item 'D' in the Guild shops!" />
			<item type="TAVERNINFO" choice="white stone" price="10" description="Now let me see... Yes it was the old Hermit... Sloven! He is tough to find, lives near Lock Lake I hear." />
			<item type="TAVERNINFO" choice="mandrake" price="40" description="%s says: The last person I knew that had any Mandrake was an old alchemist named Calumny." />
			<item type="TAVERNINFO" choice="skull" price="99" description="%s says: If thou must know of that evilest of all things... find the beggar Jude. He is very very poor!" />
			<item type="TAVERNINFO" choice="nightshade" price="25" description="%s says: Of Nightshade I know but this... Seek out Virgil or thou shalt miss! Try in Trinsic!" />
		</vendor>

		<vendor id="JHELOM" name="The Bloody Pub" owner="Celestial" genericField1="Dragon Tartar" type="TAVERN" personId="29">
			<item type="FOOD" name="ale" price="2" />
			<item type="FOOD" name="Dragon Tartar" price="2" />
			<item type="TAVERNINFO" choice="sextant" price="30" descripton="%s says: For navigation a Sextant is vital... Ask for item 'D' in the Guild shops!" />
			<item type="TAVERNINFO" choice="white stone" price="10" description="Now let me see... Yes it was the old Hermit... Sloven! He is tough to find, lives near Lock Lake I hear." />
			<item type="TAVERNINFO" choice="mandrake" price="40" description="%s says: The last person I knew that had any Mandrake was an old alchemist named Calumny." />
			<item type="TAVERNINFO" choice="skull" price="99" description="%s says: If thou must know of that evilest of all things... find the beggar Jude. He is very very poor!" />
			<item type="TAVERNINFO" choice="nightshade" price="25" description="%s says: Of Nightshade I know but this... Seek out Virgil or thou shalt miss! Try in Trinsic!" />
		</vendor>

		<vendor id="TRINSIC" name="The Keg Tap" owner="Terran" genericField1="Brown Beans" type="TAVERN" personId="30">
			<item type="FOOD" name="ale" price="2" />
			<item type="FOOD" name="Brown Beans" price="3" />
			<item type="TAVERNINFO" choice="white stone" price="10" description="Now let me see... Yes it was the old Hermit... Sloven! He is tough to find, lives near Lock Lake I hear." />
			<item type="TAVERNINFO" choice="mandrake" price="40" description="%s says: The last person I knew that had any Mandrake was an old alchemist named Calumny." />
			<item type="TAVERNINFO" choice="skull" price="99" description="%s says: If thou must know of that evilest of all things... find the beggar Jude. He is very very poor!" />
			<item type="TAVERNINFO" choice="nightshade" price="25" description="%s says: Of Nightshade I know but this... Seek out Virgil or thou shalt miss! Try in Trinsic!" />
		</vendor>

		<vendor id="PAWS" name="Folley Tavern" owner="Greg" genericField1="Folley Filet" type="TAVERN" personId="28">
			<item type="FOOD" name="ale" price="2" />
			<item type="FOOD" name="Folley Filet" price="2" />
			<item type="TAVERNINFO" choice="mandrake" price="40" description="%s says: The last person I knew that had any Mandrake was an old alchemist named Calumny." />
			<item type="TAVERNINFO" choice="skull" price="99" description="%s says: If thou must know of that evilest of all things... find the beggar Jude. He is very very poor!" />
			<item type="TAVERNINFO" choice="nightshade" price="25" description="%s says: Of Nightshade I know but this... Seek out Virgil or thou shalt miss! Try in Trinsic!" />
		</vendor>

		<vendor id="PAWS" name="Folley Tavern" owner="Rob" genericField1="Folley Filet" type="TAVERN" personId="29">
			<item type="FOOD" name="ale" price="2" />
			<item type="FOOD" name="Folley Filet" price="2" />
			<item type="TAVERNINFO" choice="mandrake" price="40" description="%s says: The last person I knew that had any Mandrake was an old alchemist named Calumny." />
			<item type="TAVERNINFO" choice="skull" price="99" description="%s says: If thou must know of that evilest of all things... find the beggar Jude. He is very very poor!" />
			<item type="TAVERNINFO" choice="nightshade" price="25" description="%s says: Of Nightshade I know but this... Seek out Virgil or thou shalt miss! Try in Trinsic!" />
		</vendor>

		<vendor id="BUCCANEERS_DEN" name="Captain Black Tavern" owner="The Cap'n" genericField1="Dog Meat Pie" type="TAVERN" personId="25">
			<item type="FOOD" name="ale" price="2" />
			<item type="FOOD" name="Dog Meat Pie" price="4" />
			<item type="TAVERNINFO" choice="skull" price="99" description="%s says: If thou must know of that evilest of all things... find the beggar Jude. He is very very poor!" />
			<item type="TAVERNINFO" choice="nightshade" price="25" description="%s says: Of Nightshade I know but this... Seek out Virgil or thou shalt miss! Try in Trinsic!" />
		</vendor>

		<vendor id="VESPER" name="Axe 'n Ale" owner="Arron" genericField1="Green Granukit" type="TAVERN" personId="22">
			<item type="FOOD" name="ale" price="2" />
			<item type="FOOD" name="Green Granukit" price="2" />
			<item type="TAVERNINFO" choice="nightshade" price="25" description="%s says: Of Nightshade I know but this... Seek out Virgil or thou shalt miss! Try in Trinsic!" />
		</vendor>
	</vendorClass>

	<vendorClass type="HEALER" music="SHOPPING">
		<vendor id="CASTLE_OF_LORD_BRITISH_1" name="The Royal Healer" owner="Pendragon" type="HEALER" personId="28">
			<item type="HEALER" choice="a" name="Curing" description="A curing" price="100" healType="CURE" />
			<item type="HEALER" choice="b" name="Healing" description="A healing" price="200" healType="FULLHEAL" />
			<item type="HEALER" choice="c" name="Resurrection" description="Resurrection" price="300" healType="RESURRECT" />
		</vendor>
		<vendor id="MOONGLOW" name="The Healer" owner="Harmony" healType="HEALER" personId="24">
			<item type="HEALER" choice="a" name="Curing" description="A curing" price="100" healType="CURE" />
			<item type="HEALER" choice="b" name="Healing" description="A healing" price="200" healType="FULLHEAL" />
			<item type="HEALER" choice="c" name="Resurrection" description="Resurrection" price="300" healType="RESURRECT" />
		</vendor>
		<vendor id="BRITAIN" name="Wound Healing" owner="Celest" healType="HEALER" personId="30">
			<item type="HEALER" choice="a" name="Curing" description="A curing" price="100" healType="CURE" />
			<item type="HEALER" choice="b" name="Healing" description="A healing" price="200" healType="FULLHEAL" />
			<item type="HEALER" choice="c" name="Resurrection" description="Resurrection" price="300" healType="RESURRECT" />
		</vendor>
		<vendor id="JHELOM" name="Heal and Health" owner="Triplet" healType="HEALER" personId="24">
			<item type="HEALER" choice="a" name="Curing" description="A curing" price="100" healType="CURE" />
			<item type="HEALER" choice="b" name="Healing" description="A healing" price="200" healType="FULLHEAL" />
			<item type="HEALER" choice="c" name="Resurrection" description="Resurrection" price="300" healType="RESURRECT" />
		</vendor>
		<vendor id="JHELOM" name="Heal and Health" owner="Triplet" healType="HEALER" personId="25">
			<item type="HEALER" choice="a" name="Curing" description="A curing" price="100" healType="CURE" />
			<item type="HEALER" choice="b" name="Healing" description="A healing" price="200" healType="FULLHEAL" />
			<item type="HEALER" choice="c" name="Resurrection" description="Resurrection" price="300" healType="RESURRECT" />
		</vendor>
		<vendor id="JHELOM" name="Heal and Health" owner="Triplet" healType="HEALER" personId="26">
			<item type="HEALER" choice="a" name="Curing" description="A curing" price="100" healType="CURE" />
			<item type="HEALER" choice="b" name="Healing" description="A healing" price="200" healType="FULLHEAL" />
			<item type="HEALER" choice="c" name="Resurrection" description="Resurrection" price="300" healType="RESURRECT" />
		</vendor>
		<vendor id="YEW" name="Just Healing" owner="Justin" healType="HEALER" personId="25">
			<item type="HEALER" choice="a" name="Curing" description="A curing" price="100" healType="CURE" />
			<item type="HEALER" choice="b" name="Healing" description="A healing" price="200" healType="FULLHEAL" />
			<item type="HEALER" choice="c" name="Resurrection" description="Resurrection" price="300" healType="RESURRECT" />
		</vendor>
		<vendor id="SKARABRAE" name="The Mystic Heal" owner="Spiran" healType="HEALER" personId="30">
			<item type="HEALER" choice="a" name="Curing" description="A curing" price="100" healType="CURE" />
			<item type="HEALER" choice="b" name="Healing" description="A healing" price="200" healType="FULLHEAL" />
			<item type="HEALER" choice="c" name="Resurrection" description="Resurrection" price="300" healType="RESURRECT" />
		</vendor>
		<vendor id="LYCAEUM" name="The Truth Healer" owner="Starfire" healType="HEALER" personId="21">
			<item type="HEALER" choice="a" name="Curing" description="A curing" price="100" healType="CURE" />
			<item type="HEALER" choice="b" name="Healing" description="A healing" price="200" healType="FULLHEAL" />
			<item type="HEALER" choice="c" name="Resurrection" description="Resurrection" price="300" healType="RESURRECT" />
		</vendor>
		<vendor id="EMPATH_ABBEY" name="The Love Healer" owner="Salle" healType="HEALER" personId="29">
			<item type="HEALER" choice="a" name="Curing" description="A curing" price="100" healType="CURE" />
			<item type="HEALER" choice="b" name="Healing" description="A healing" price="200" healType="FULLHEAL" />
			<item type="HEALER" choice="c" name="Resurrection" description="Resurrection" price="300" healType="RESURRECT" />
		</vendor>
		<vendor id="SERPENTS_HOLD" name="The Courage Healer" owner="Windwalker" healType="HEALER" personId="30">
			<item type="HEALER" choice="a" name="Curing" description="A curing" price="100" healType="CURE" />
			<item type="HEALER" choice="b" name="Healing" description="A healing" price="200" healType="FULLHEAL" />
			<item type="HEALER" choice="c" name="Resurrection" description="Resurrection" price="300" healType="RESURRECT" />
		</vendor>
		<vendor id="COVE" name="The Healer Shop" owner="Quat" healType="HEALER" personId="30">
			<item type="HEALER" choice="a" name="Curing" description="A curing" price="100" healType="CURE" />
			<item type="HEALER" choice="b" name="Healing" description="A healing" price="200" healType="FULLHEAL" />
			<item type="HEALER" choice="c" name="Resurrection" description="Resurrection" price="300" healType="RESURRECT" />
		</vendor>
	</vendorClass>

	<vendorClass type="INN" music="SHOPPING">

		<vendor id="MOONGLOW" type="INN" name="The Honest Inn" owner="Scatu" personId="29" genericField1="We have a room with 2 beds that rents for 20gp. Take it?">
			<item type="INN" name="room" choice="y" price="20" x="28" y="6" />
		</vendor>

		<vendor id="BRITAIN" type="INN" name="Britannia Manor" owner="Jason" personId="24" genericField1="We have a modest sized room with 1 bed for 15 gp. Take it?">
			<item type="INN" name="room" choice="y" price="15" x="29" y="6" />
		</vendor>

		<vendor id="JHELOM" type="INN" name="The Inn of Ends" owner="Smirk" personId="30" genericField1="We have a very secure room of modest size and 1 bed for 10gp. Take it?">
			<item type="INN" name="room" choice="y" price="10" x="10" y="26" />
		</vendor>

		<vendor id="MINOC" type="INN" name="Wayfarer's Inn" owner="Estro" personId="30" genericField1="We have three rooms available, a 1, 2 and 3 bed room for 30, 60 and 90 gp each. 1, 2 or 3 beds?">
			<item type="INN" name="room" choice="1" price="30" x="2" y="6" />
			<item type="INN" name="room" choice="2" price="60" x="2" y="2" />
			<item type="INN" name="room" choice="3" price="90" x="8" y="2" />
		</vendor>

		<vendor id="TRINSIC" type="INN" name="Honorable Inn" owner="Zajac" personId="29" genericField1="We have a single bed room with a back door for 15gp. Take it?">
			<item type="INN" name="room" choice="y" price="15" x="29" y="2" />
		</vendor>

		<vendor id="SKARABRAE" type="INN" name="The Inn of the Spirits" owner="Tyrone" personId="28" genericField1="Unfortunately, I have but only a very small room with 1 bed: worse yet, it's haunted! If you do wish to stay it costs 5gp. Take it?">
			<item type="INN" name="room" choice="y" price="5" x="28" y="11" />
		</vendor>

		<vendor id="VESPER" type="INN" name="The Sleep Shop" owner="Tymus" personId="25" genericField1="All we have is that cot over there. But it is comfortable, and only 1 gp. Take it?">
			<item type="INN" name="room" choice="y" price="1" x="25" y="23" />
		</vendor>

	</vendorClass>

	<vendorClass type="GUILDITEM" music="SHOPPING">

		<vendor id="VESPER" name="The Guild Shop" owner="Long John Leary" personId="23">
			<item type="GUILDITEM" choice="a" name="Torches" price="50" quant="5" guildItemType="torch" description="I can give ya 5 long lasting Torches for a mere 50gp." />
			<item type="GUILDITEM" choice="b" name="Magic Gems" price="60" quant="5" guildItemType="gem" description="I've got magical mapping Gems, 5 for only 60gp." />
			<item type="GUILDITEM" choice="c" name="Magic Keys" price="60" quant="6" guildItemType="key" description="Magical Keys, 1 use each, a fair price at 60gp for 6." />
			<item type="GUILDITEM" choice="d" hidden="true" name="Sextant" price="900" quant="1" guildItemType="sextant" description="So...Ya want a Sextant...Well I gots one which I might part with fer 900 gold!" />
		</vendor>

		<vendor id="BUCCANEERS_DEN" name="Pirate's Guild" owner="One Eyed Willey" personId="28">
			<item type="GUILDITEM" choice="a" name="Torches" price="50" quant="5" guildItemType="torch" description="I can give ya 5 long lasting Torches for a mere 50gp." />
			<item type="GUILDITEM" choice="b" name="Magic Gems" price="60" quant="5" guildItemType="gem" description="I've got magical mapping Gems, 5 for only 60gp." />
			<item type="GUILDITEM" choice="c" name="Magic Keys" price="60" quant="6" guildItemType="key" description="Magical Keys, 1 use each, a fair price at 60gp for 6." />
			<item type="GUILDITEM" choice="d" hidden="true" name="Sextant" price="900" quant="1" guildItemType="sextant" description="So...Ya want a Sextant...Well I gots one which I might part with fer 900 gold!" />
		</vendor>
	</vendorClass>

	<vendorClass type="HORSE" music="SHOPPING">
		<vendor id="PAWS" type="HORSE" owner="Burrich" personId="18">
			<item type="HORSE" name="horse" choice="y" price="100" />
		</vendor>
	</vendorClass>

	<vendorClass type="REAGENT" music="SHOPPING">
		<vendor id="MOONGLOW" name="Magical Herbs" owner="Margot" type="REAGENT" personId="24">
			<item type="REAGENT" choice="a" name="Sulfurous Ash" reagentType="ASH" price="2" />
			<item type="REAGENT" choice="b" name="Ginseng" reagentType="GINSENG" price="5" />
			<item type="REAGENT" choice="c" name="Garlic" reagentType="GARLIC" price="6" />
			<item type="REAGENT" choice="d" name="Spider Silk" reagentType="SILK" price="3" />
			<item type="REAGENT" choice="e" name="Blood Moss" reagentType="MOSS" price="6" />
			<item type="REAGENT" choice="f" name="Black Pearl" reagentType="PEARL" price="9" />
		</vendor>

		<vendor id="SKARABRAE" name="Herbs and Spice" owner="Sasha" type="REAGENT" personId="30">
			<item type="REAGENT" choice="a" name="Sulfurous Ash" reagentType="ASH" price="2" />
			<item type="REAGENT" choice="b" name="Ginseng" reagentType="GINSENG" price="4" />
			<item type="REAGENT" choice="c" name="Garlic" reagentType="GARLIC" price="9" />
			<item type="REAGENT" choice="d" name="Spider Silk" reagentType="SILK" price="6" />
			<item type="REAGENT" choice="e" name="Blood Moss" reagentType="MOSS" price="4" />
			<item type="REAGENT" choice="f" name="Black Pearl" reagentType="PEARL" price="8" />
		</vendor>

		<vendor id="PAWS" name="The Magics" owner="Sheila" type="REAGENT" personId="28">
			<item type="REAGENT" choice="a" name="Sulfurous Ash" reagentType="ASH" price="3" />
			<item type="REAGENT" choice="b" name="Ginseng" reagentType="GINSENG" price="4" />
			<item type="REAGENT" choice="c" name="Garlic" reagentType="GARLIC" price="2" />
			<item type="REAGENT" choice="d" name="Spider Silk" reagentType="SILK" price="9" />
			<item type="REAGENT" choice="e" name="Blood Moss" reagentType="MOSS" price="6" />
			<item type="REAGENT" choice="f" name="Black Pearl" reagentType="PEARL" price="7" />
		</vendor>

		<vendor id="BUCCANEERS_DEN" name="Magic Mentar" owner="Shannon" type="REAGENT" personId="30">
			<item type="REAGENT" choice="a" name="Sulfurous Ash" reagentType="ASH" price="6" />
			<item type="REAGENT" choice="b" name="Ginseng" reagentType="GINSENG" price="7" />
			<item type="REAGENT" choice="c" name="Garlic" reagentType="GARLIC" price="9" />
			<item type="REAGENT" choice="d" name="Spider Silk" reagentType="SILK" price="9" />
			<item type="REAGENT" choice="e" name="Blood Moss" reagentType="MOSS" price="9" />
			<item type="REAGENT" choice="f" name="Black Pearl" reagentType="PEARL" price="1" />
		</vendor>
	</vendorClass>

</vendorSet>